onset	duration	trial_type
0.0	0.917	action_rest
0.0	7.9	onscreen_enemy
0.9	0.433	keypress_right
0.917	3.483	action_rightwalk
1.55	0.417	keypress_right
2.767	0.433	keypress_right
3.017	0.817	action_jump
3.017	0.167	keypress_jump
3.367	0.183	keypress_left
3.5	2.367	reward_enemykill_stomp
4.383	0.8	action_jump
4.383	0.433	keypress_jump
4.383	0.4	keypress_left
4.4	0.017	action_leftwalk
4.417	0.8	action_rest
4.933	0.283	keypress_right
5.083	0.25	keypress_runshoot
5.217	0.3	action_rightwalk
5.417	0.8	keypress_right
5.517	0.167	keypress_runshoot
5.517	0.317	action_rightrun
5.833	0.217	action_rightwalk
5.867	2.033	reward_enemykill_kick
6.05	0.183	keypress_runshoot
6.05	0.167	action_rightrun
6.25	1.05	reward_enemykill_impact
6.333	0.483	keypress_right
6.333	0.033	action_rightrun
6.4	0.067	action_rightwalk
6.467	0.317	action_rightrun
6.467	0.167	keypress_runshoot
6.817	0.517	action_rightwalk
6.9	0.117	keypress_runshoot
7.317	0.217	keypress_right
7.333	0.2	action_rightrun
7.333	0.167	keypress_runshoot
7.533	0.1	action_rightwalk
7.633	0.15	keypress_right
7.633	0.017	action_rightrun
7.65	0.567	action_rightwalk
8.117	0.5	keypress_right
8.217	0.4	action_rightrun
8.217	0.383	keypress_runshoot
8.617	27.8	onscreen_enemy
8.717	0.217	keypress_right
8.717	0.033	action_rightrun
8.783	0.15	action_rightrun
8.783	0.167	keypress_runshoot
9.583	0.283	keypress_right
9.6	1.833	action_rightwalk
9.767	0.267	keypress_jump
9.767	1.533	action_jump
10.067	0.2	keypress_left
10.367	1.167	reward_enemykill_stomp
10.45	0.217	keypress_right
10.467	0.2	keypress_jump
10.883	0.8	keypress_right
11.433	0.25	action_rightrun
11.433	0.233	keypress_runshoot
11.867	0.167	keypress_right
11.9	1.417	action_rightwalk
12.517	0.217	keypress_right
12.633	0.2	keypress_jump
12.633	0.85	action_jump
12.9	0.717	keypress_left
13.133	0.3	reward_enemykill_stomp
13.317	0.017	action_leftwalk
13.333	0.183	action_rest
13.433	0.983	reward_enemykill_kick
13.517	0.767	action_leftwalk
13.817	1.067	action_jump
13.817	0.383	keypress_jump
13.983	0.783	keypress_right
14.283	0.017	action_rightwalk
14.3	0.783	action_rest
14.533	4.3	reward_enemykill_stomp
15.067	0.35	keypress_right
15.083	0.167	action_rightwalk
15.25	0.167	action_rightrun
15.25	0.2	keypress_runshoot
15.417	0.017	action_rightwalk
15.583	0.383	keypress_left
15.733	0.05	action_leftwalk
15.783	0.817	keypress_runshoot
15.783	0.183	action_leftrun
15.967	0.15	action_leftwalk
16.1	0.467	keypress_right
16.117	0.017	action_rest
16.133	0.433	action_rightrun
16.567	0.033	action_rightwalk
16.6	0.117	action_rightrun
16.6	0.867	keypress_right
16.717	11.133	action_rightwalk
16.867	0.667	action_jump
16.867	0.5	keypress_jump
18.1	1.6	keypress_right
18.833	0.683	action_jump
18.833	0.483	keypress_jump
19.917	0.383	keypress_right
20.567	0.2	keypress_right
21.683	0.217	keypress_right
22.133	0.133	keypress_jump
22.133	0.483	action_jump
23.1	0.2	keypress_right
23.117	0.2	keypress_jump
23.117	0.883	action_jump
23.433	0.217	keypress_left
23.667	0.467	reward_enemykill_stomp
23.85	0.317	keypress_right
24.267	0.45	keypress_right
25.183	0.4	keypress_right
26.0	0.683	keypress_right
26.417	0.3	keypress_jump
26.417	1.417	action_jump
26.767	0.117	keypress_left
27.2	0.383	keypress_left
27.4	1.3	reward_enemykill_stomp
27.817	0.1	keypress_left
27.85	0.933	action_leftwalk
28.167	0.217	keypress_jump
28.167	0.583	action_jump
28.167	0.233	keypress_left
28.55	0.35	keypress_right
28.7	0.8	reward_enemykill_kick
28.783	0.017	action_rest
28.8	2.433	action_rightwalk
28.817	0.85	reward_enemykill_impact
29.033	0.65	keypress_right
29.75	0.733	keypress_right
30.25	0.2	keypress_jump
30.25	0.95	action_jump
30.833	0.65	reward_enemykill_stomp
30.867	0.333	keypress_jump
30.983	0.633	keypress_left
31.233	0.083	action_rest
31.317	0.85	action_leftwalk
31.75	0.25	keypress_left
32.15	0.417	keypress_right
32.167	0.033	action_rest
32.2	3.333	action_rightwalk
32.467	0.167	keypress_jump
32.467	0.85	action_jump
32.717	0.35	keypress_left
32.967	0.617	reward_enemykill_stomp
34.0	0.333	keypress_right
34.017	0.317	keypress_jump
34.017	1.267	action_jump
34.417	0.217	keypress_left
34.933	0.3	reward_enemykill_stomp
35.2	0.1	keypress_left
35.233	1.183	reward_enemykill_kick
35.533	0.033	keypress_left
35.533	0.2	action_leftwalk
35.583	0.2	keypress_jump
35.583	0.567	action_jump
35.7	1.233	keypress_right
35.733	0.017	action_rightwalk
35.75	0.433	action_rest
36.183	0.033	action_rightwalk
36.217	0.233	action_rightrun
36.217	0.6	keypress_runshoot
36.333	0.467	keypress_jump
36.333	0.617	action_jump
36.983	0.383	action_jump
36.983	0.333	keypress_jump
37.1	0.3	keypress_left
37.533	0.367	action_jump
37.533	0.333	keypress_jump
37.683	0.2	keypress_right
37.683	2.85	onscreen_powerup
37.867	0.067	reward_enemykill_stomp
38.083	0.15	keypress_right
38.1	2.65	action_rightwalk
38.417	0.25	keypress_right
38.817	0.133	keypress_right
39.05	0.367	keypress_right
39.167	0.6	keypress_jump
39.167	1.133	action_jump
39.283	4.517	onscreen_enemy
39.783	0.233	keypress_left
40.233	0.15	keypress_right
40.533	11.95	reward_powerup_taken
40.583	0.983	keypress_right
40.75	0.817	action_rightrun
40.75	0.817	keypress_runshoot
40.933	1.117	reward_enemykill_impact
41.867	0.217	keypress_right
41.883	0.067	action_rightwalk
41.95	0.133	action_rightrun
41.95	0.433	keypress_runshoot
42.25	0.233	keypress_left
42.3	0.083	keypress_jump
42.3	0.467	action_jump
42.617	0.667	keypress_right
42.8	2.367	action_rightwalk
43.0	0.4	action_jump
43.0	0.167	keypress_jump
43.467	2.233	keypress_right
43.767	0.883	action_jump
43.767	0.8	keypress_jump
43.917	28.417	onscreen_enemy
45.033	1.517	reward_enemykill_impact
45.167	0.533	action_rightrun
45.167	0.65	keypress_runshoot
45.9	2.9	keypress_right
45.933	0.033	action_rightwalk
45.967	0.483	action_rightrun
45.967	0.333	keypress_runshoot
46.483	0.75	action_rightrun
46.483	0.6	keypress_runshoot
46.867	0.95	reward_enemykill_impact
47.267	0.033	action_rightwalk
47.3	0.467	keypress_runshoot
47.3	0.617	action_rightrun
47.9	1.017	reward_enemykill_impact
47.95	1.017	action_rightwalk
48.233	0.483	keypress_jump
48.233	0.6	action_jump
48.95	0.167	keypress_left
48.967	0.383	action_rest
49.233	0.183	keypress_right
49.35	0.433	action_rightwalk
49.383	0.383	action_jump
49.383	0.4	keypress_jump
49.483	0.633	keypress_left
49.783	1.033	action_leftwalk
50.083	0.367	action_jump
50.083	0.35	keypress_jump
50.533	0.35	keypress_jump
50.533	0.367	action_jump
50.533	1.283	keypress_right
50.817	0.017	action_rightwalk
50.833	0.1	action_rest
50.933	0.15	action_rightwalk
51.083	0.85	action_rightrun
51.083	0.85	keypress_runshoot
51.367	0.367	keypress_jump
51.367	0.8	action_jump
51.917	0.983	keypress_right
51.933	6.583	action_rightwalk
53.333	0.15	keypress_right
56.85	0.333	keypress_right
56.9	0.233	keypress_jump
56.9	0.483	action_jump
58.433	1.35	keypress_right
58.517	0.2	action_rightrun
58.517	0.6	keypress_runshoot
58.717	0.767	action_jump
58.717	0.4	keypress_jump
58.717	0.783	action_rightwalk
59.367	0.383	keypress_runshoot
59.5	0.417	action_rightrun
59.95	0.133	keypress_left
60.267	0.35	keypress_right
60.283	3.383	action_rightwalk
60.783	0.417	keypress_right
60.85	0.2	keypress_jump
60.85	0.433	action_jump
62.867	0.25	keypress_right
62.9	0.9	action_jump
62.9	0.217	keypress_jump
63.4	0.417	keypress_left
63.667	0.017	action_leftwalk
63.683	0.867	action_rest
64.533	0.733	keypress_right
64.55	1.3	action_rightwalk
64.583	1.05	action_jump
64.583	0.267	keypress_jump
65.3	1.1	reward_enemykill_stomp
65.417	0.233	keypress_left
65.85	0.55	keypress_left
65.85	1.717	action_leftwalk
65.933	0.333	action_jump
65.933	0.017	keypress_jump
66.083	0.317	keypress_jump
66.4	5.933	reward_enemykill_kick
66.433	0.2	keypress_jump
66.433	0.9	action_jump
66.717	0.167	keypress_right
67.0	0.117	keypress_right
67.55	1.733	keypress_right
67.567	0.017	action_rest
67.583	4.733	action_rightwalk
67.633	1.05	action_jump
67.633	0.383	keypress_jump
68.483	3.85	reward_enemykill_impact
68.817	0.25	keypress_jump
68.817	3.517	action_jump
68.833	3.45	loss_dying
69.5	0.25	keypress_runshoot
69.667	0.217	keypress_jump
70.083	0.167	keypress_runshoot
70.233	0.283	keypress_right
70.383	0.117	keypress_runshoot
71.833	0.217	keypress_right
72.333	0.133	keypress_jump
72.833	0.05	keypress_right
73.15	0.117	keypress_jump
73.917	0.35	keypress_right
74.617	0.233	keypress_right
75.183	4.067	onscreen_enemy
75.2	0.1	action_rest
75.283	0.433	keypress_right
75.3	5.217	action_rightwalk
76.083	0.567	keypress_right
76.2	0.467	keypress_jump
76.2	0.817	action_jump
76.75	0.2	keypress_left
77.117	0.467	keypress_right
77.767	0.3	keypress_right
78.167	1.933	keypress_right
78.583	0.45	action_jump
78.583	0.217	keypress_jump
79.167	0.85	keypress_jump
79.167	0.883	action_jump
79.367	9.183	onscreen_enemy
80.217	0.467	keypress_left
80.517	1.317	action_leftwalk
80.65	0.867	action_jump
80.65	0.217	keypress_jump
80.917	0.033	keypress_right
81.2	0.667	reward_enemykill_stomp
81.367	0.117	keypress_left
81.667	0.283	keypress_jump
81.667	0.95	action_jump
81.817	0.133	keypress_right
81.833	0.017	action_rightwalk
81.85	0.4	action_rest
82.117	0.217	keypress_left
82.25	0.517	action_leftwalk
82.3	0.617	reward_enemykill_stomp
82.75	0.267	keypress_right
82.767	0.017	action_rest
82.783	2.2	action_rightwalk
83.317	0.317	keypress_right
83.383	0.25	keypress_jump
83.383	0.917	action_jump
83.733	0.183	keypress_left
83.967	0.7	reward_enemykill_stomp
84.067	1.3	keypress_right
84.983	0.783	action_rightrun
84.983	3.15	keypress_runshoot
85.017	0.317	keypress_jump
85.017	0.733	action_jump
85.433	0.283	keypress_left
85.767	0.2	action_rightwalk
85.95	0.483	keypress_left
85.967	0.133	action_rest
86.1	0.017	action_leftrun
86.117	1.217	action_leftwalk
86.117	0.333	keypress_jump
86.117	1.033	action_jump
86.55	0.317	keypress_right
86.767	0.333	reward_enemykill_stomp
87.1	1.45	reward_enemykill_kick
87.283	1.067	reward_enemykill_impact
87.317	0.4	keypress_right
87.333	0.017	action_rest
87.35	0.367	action_rightrun
87.717	4.333	action_rightwalk
88.467	0.6	keypress_right
88.783	0.017	onscreen_enemy
89.217	0.883	keypress_right
89.55	20.467	onscreen_enemy
90.817	0.55	keypress_right
91.15	0.867	action_jump
91.15	0.217	keypress_jump
91.483	0.1	keypress_left
91.7	0.8	reward_enemykill_stomp
91.95	0.133	keypress_left
92.05	0.083	action_rest
92.117	0.367	keypress_left
92.133	0.633	action_leftwalk
92.5	0.783	reward_enemykill_kick
92.75	0.833	reward_enemykill_impact
92.75	1.117	keypress_right
92.767	0.017	action_rest
92.783	0.15	action_rightwalk
92.933	1.017	keypress_runshoot
92.933	0.733	action_rightrun
93.533	0.55	action_jump
93.533	0.383	keypress_jump
93.917	0.383	keypress_right
94.117	0.417	action_rightwalk
94.517	0.117	keypress_left
94.533	0.017	action_leftwalk
94.55	0.2	action_rest
94.733	0.35	keypress_right
94.75	0.683	action_rightwalk
95.05	0.367	keypress_jump
95.05	0.367	action_jump
95.3	0.183	keypress_left
95.433	0.2	action_leftwalk
95.617	0.25	keypress_right
95.633	0.017	action_rest
95.65	1.3	action_rightwalk
95.75	0.4	keypress_jump
95.75	0.367	action_jump
95.983	0.15	keypress_left
96.267	0.333	keypress_right
96.7	0.667	keypress_jump
96.7	0.667	keypress_left
96.7	0.583	action_jump
96.95	0.017	action_leftwalk
96.967	0.35	action_rest
97.317	0.183	action_leftwalk
97.483	0.2	keypress_right
97.5	0.15	action_rest
97.65	0.683	action_rightwalk
98.267	1.133	keypress_right
98.333	1.65	keypress_runshoot
98.333	1.283	action_rightrun
98.8	1.033	keypress_jump
98.8	0.8	action_jump
99.633	0.483	action_rightrun
99.633	0.117	keypress_right
99.9	0.317	keypress_left
100.2	0.133	action_leftwalk
100.317	0.5	keypress_right
100.333	0.017	action_rest
100.35	1.117	action_rightwalk
100.483	0.5	action_jump
100.483	0.25	keypress_jump
100.983	1.783	keypress_right
101.467	0.583	action_rightrun
101.467	0.433	keypress_runshoot
102.05	2.783	action_rightwalk
102.183	0.233	keypress_jump
102.183	0.483	action_jump
103.167	0.267	keypress_jump
103.167	1.283	action_jump
103.317	0.167	keypress_right
103.567	0.467	keypress_left
104.067	0.333	reward_enemykill_stomp
104.4	5.617	reward_enemykill_kick
104.733	0.283	keypress_jump
104.733	0.65	action_jump
104.817	0.283	keypress_left
104.833	0.017	action_leftwalk
104.85	0.783	action_rest
105.25	0.833	reward_enemykill_impact
105.617	0.3	keypress_right
105.633	0.35	action_rightwalk
105.933	0.367	keypress_runshoot
105.983	4.667	keypress_right
105.983	0.017	action_rightrun
106.0	0.683	action_jump
106.0	4.967	action_rightwalk
106.0	0.317	keypress_jump
106.85	0.617	keypress_jump
106.85	0.95	action_jump
107.933	0.233	keypress_jump
107.933	0.533	action_jump
108.7	0.45	action_jump
108.7	0.15	keypress_jump
109.217	0.45	action_jump
109.217	0.15	keypress_jump
109.75	0.117	keypress_jump
109.75	0.4	action_jump
110.383	0.417	action_jump
110.383	0.133	keypress_jump
110.933	0.033	onscreen_enemy
110.967	0.45	action_leftwalk
110.967	0.267	keypress_left
111.117	0.017	onscreen_enemy
111.4	0.633	keypress_right
111.417	0.017	action_rest
111.433	0.217	action_rightrun
111.433	0.633	keypress_runshoot
111.65	0.417	keypress_jump
111.65	0.6	action_jump
111.65	0.633	action_rightwalk
112.183	0.267	keypress_left
112.283	0.167	action_rest
112.317	10.883	onscreen_enemy
112.45	0.733	action_leftwalk
112.583	0.183	keypress_left
112.917	0.15	keypress_left
113.167	1.833	keypress_right
113.183	0.017	action_rest
113.2	0.017	action_rightwalk
113.217	1.767	keypress_runshoot
113.217	2.783	action_rightrun
113.683	1.167	keypress_jump
113.683	0.85	action_jump
116.017	0.1	action_rest
116.117	7.083	action_rightwalk
125.167	0.433	action_rest
125.383	0.017	onscreen_enemy
125.583	1.5	keypress_right
125.6	0.083	action_rightwalk
125.683	1.583	action_rightrun
125.683	1.417	keypress_runshoot
126.267	0.017	onscreen_enemy
126.667	37.467	onscreen_enemy
126.767	0.483	action_jump
126.767	0.333	keypress_jump
127.217	0.05	keypress_left
127.5	0.25	keypress_right
127.517	0.917	action_rightwalk
127.967	0.233	keypress_right
128.4	0.517	keypress_right
128.433	0.417	keypress_runshoot
128.433	0.133	action_rightrun
128.567	0.55	action_rightwalk
128.567	0.25	keypress_jump
128.567	0.5	action_jump
129.1	0.733	keypress_right
129.117	1.267	keypress_runshoot
129.117	0.15	action_rightrun
129.267	1.35	action_rightwalk
129.267	0.55	keypress_jump
129.267	1.317	action_jump
130.0	0.033	reward_coin
130.117	0.15	keypress_left
130.383	0.25	keypress_left
130.617	0.017	action_rest
130.633	0.15	action_leftwalk
130.767	0.233	keypress_right
130.783	0.017	action_rest
130.8	0.933	action_rightwalk
131.2	0.283	keypress_right
131.2	0.517	action_jump
131.2	0.267	keypress_jump
131.65	0.133	keypress_left
131.733	1.2	action_leftwalk
131.817	0.167	keypress_jump
132.167	0.1	keypress_left
132.55	0.117	keypress_right
132.933	1.367	keypress_right
132.933	0.017	action_rightwalk
132.95	0.217	action_rest
133.083	0.467	keypress_jump
133.167	1.233	action_rightwalk
133.617	0.333	keypress_jump
134.383	0.1	keypress_left
134.4	0.417	action_rest
134.483	0.4	keypress_jump
134.483	0.367	action_jump
134.6	0.467	keypress_left
134.817	2.25	action_leftwalk
135.067	0.367	action_jump
135.067	0.333	keypress_jump
135.217	0.017	reward_coin
135.217	0.133	keypress_right
135.55	0.283	keypress_jump
135.55	0.367	action_jump
135.667	0.15	keypress_left
136.017	0.367	action_jump
136.017	0.317	keypress_jump
136.167	0.017	reward_coin
136.417	0.183	keypress_left
136.717	0.367	action_jump
136.717	0.317	keypress_jump
136.867	0.017	reward_coin
136.883	0.383	keypress_right
137.067	0.017	action_rightwalk
137.083	0.033	action_rest
137.117	0.717	action_rightwalk
137.767	0.667	keypress_right
137.833	0.6	action_rightrun
137.833	0.7	keypress_runshoot
138.633	0.467	keypress_left
138.8	0.317	keypress_jump
138.8	0.367	action_jump
139.217	0.4	keypress_right
139.267	0.133	action_rightwalk
139.4	0.217	action_rightrun
139.4	3.183	keypress_runshoot
139.617	0.083	action_rightwalk
139.683	0.667	keypress_left
139.7	0.233	action_rest
139.733	0.583	action_jump
139.733	0.617	keypress_jump
139.933	0.4	action_leftwalk
140.333	0.017	action_leftrun
140.35	0.1	action_leftwalk
140.433	0.2	keypress_right
140.45	0.4	action_rest
140.467	0.367	action_jump
140.467	0.333	keypress_jump
140.617	1.667	onscreen_powerup
140.767	0.333	keypress_left
140.783	0.067	reward_enemykill_stomp
140.867	0.217	action_leftrun
141.083	0.417	action_leftwalk
141.083	0.383	action_jump
141.083	0.333	keypress_jump
141.2	1.283	keypress_right
141.5	0.017	action_rest
141.517	2.367	action_rightrun
142.283	0.983	reward_powerup_taken
142.783	1.1	keypress_right
143.35	1.4	keypress_runshoot
144.367	0.883	keypress_left
144.383	0.517	action_leftrun
144.933	0.233	action_leftwalk
145.167	0.083	action_leftrun
145.167	3.333	keypress_runshoot
145.25	0.017	action_leftwalk
150.5	1.817	keypress_right
150.55	1.15	keypress_runshoot
150.55	1.25	action_rightrun
151.183	0.6	action_jump
151.183	0.383	keypress_jump
151.833	1.133	action_rightwalk
151.95	0.917	loss_powerdown
151.95	0.267	action_jump
152.0	0.267	keypress_jump
152.05	0.133	keypress_runshoot
152.483	0.283	keypress_jump
152.483	1.067	action_jump
152.483	0.217	keypress_left
152.883	0.3	keypress_jump
152.933	0.183	keypress_left
152.967	0.017	action_leftwalk
152.983	0.45	action_rest
153.267	0.367	keypress_right
153.433	0.983	action_rightwalk
153.667	0.533	action_jump
153.667	0.067	keypress_right
153.667	0.233	keypress_jump
153.85	0.2	keypress_left
154.083	0.083	keypress_left
154.417	0.017	action_leftwalk
154.417	0.8	action_jump
154.417	0.383	keypress_left
154.417	0.183	keypress_jump
154.433	0.85	action_rest
155.067	1.133	keypress_right
155.217	0.4	keypress_jump
155.283	2.117	action_rightwalk
155.75	0.817	action_jump
155.75	0.45	keypress_jump
156.883	0.2	keypress_jump
156.883	0.5	action_jump
156.883	0.317	keypress_right
157.317	0.75	keypress_right
157.367	0.65	keypress_runshoot
157.4	0.667	action_rightrun
158.217	0.55	keypress_runshoot
158.217	0.2	action_rightrun
158.217	0.767	keypress_right
158.417	2.45	action_rightwalk
158.417	0.55	action_jump
158.417	0.367	keypress_jump
159.417	0.55	keypress_right
159.65	0.317	keypress_jump
159.65	1.2	action_jump
160.183	0.517	keypress_left
160.483	0.55	reward_enemykill_stomp
160.867	0.267	keypress_left
160.867	0.55	action_leftwalk
161.25	0.167	keypress_jump
161.25	0.183	keypress_right
161.25	0.85	action_jump
161.417	0.017	action_rightwalk
161.433	0.167	action_rest
161.567	0.133	keypress_left
161.6	0.367	action_leftwalk
161.75	0.683	reward_enemykill_stomp
161.817	0.817	keypress_right
161.967	0.017	action_rightwalk
161.983	0.133	action_rest
162.0	0.567	keypress_runshoot
162.133	0.5	action_rightrun
162.683	1.517	keypress_right
162.683	0.033	action_rightrun
162.717	1.733	action_rightwalk
162.75	0.583	action_jump
162.75	0.267	keypress_jump
163.5	0.417	action_jump
163.5	0.133	keypress_jump
164.0	0.35	action_jump
164.0	0.1	keypress_jump
164.433	0.467	keypress_left
164.45	0.167	action_rest
164.483	0.017	onscreen_enemy
164.617	0.667	action_jump
164.617	0.7	action_leftwalk
164.617	0.3	keypress_jump
165.0	0.15	keypress_right
165.25	1.017	keypress_right
165.317	0.017	action_rest
165.333	1.3	action_rightwalk
165.6	0.5	keypress_jump
165.6	0.717	action_jump
165.95	0.017	onscreen_enemy
166.45	3.217	onscreen_enemy
166.6	0.617	keypress_right
166.633	0.583	keypress_runshoot
166.633	0.7	action_rightrun
166.9	0.317	keypress_jump
167.433	0.133	keypress_left
167.683	0.533	keypress_right
167.7	0.933	action_rightwalk
168.217	0.383	keypress_jump
168.217	0.383	action_jump
168.35	0.433	keypress_left
168.367	1.3	reward_enemykill_impact
168.367	0.017	reward_coin
168.633	0.083	action_rest
168.717	2.0	action_leftwalk
169.2	0.367	action_jump
169.2	0.283	keypress_jump
169.317	0.45	keypress_left
169.35	0.017	reward_coin
169.767	0.317	keypress_jump
169.767	0.383	action_jump
169.883	0.133	keypress_right
169.917	0.017	reward_coin
170.233	0.317	keypress_jump
170.233	0.367	action_jump
170.383	0.017	reward_coin
170.7	0.35	keypress_right
170.717	0.333	action_jump
170.717	0.317	keypress_jump
170.717	0.017	action_rest
170.733	0.433	action_rightwalk
171.167	0.767	action_leftwalk
171.167	0.35	keypress_left
171.533	0.367	action_jump
171.533	0.35	keypress_jump
171.633	1.067	keypress_right
171.683	0.017	reward_coin
171.933	0.017	action_rest
171.95	0.117	action_rightwalk
172.067	0.633	action_rightrun
172.067	1.367	keypress_runshoot
172.517	0.017	onscreen_enemy
172.9	0.333	action_jump
172.9	0.1	action_rightrun
172.9	0.55	keypress_jump
172.917	0.717	keypress_left
172.967	0.017	onscreen_enemy
173.017	0.017	reward_coin
173.3	0.283	action_leftrun
173.583	0.283	action_leftwalk
173.633	0.4	keypress_jump
173.633	0.517	action_jump
173.8	0.517	keypress_right
173.867	0.017	action_rightwalk
173.883	0.3	action_rest
174.183	0.583	action_rightwalk
174.483	0.617	keypress_left
174.767	0.033	action_rest
174.8	1.95	action_leftwalk
174.817	0.017	onscreen_enemy
175.033	0.433	keypress_jump
175.033	0.8	action_jump
175.283	0.267	keypress_right
175.733	0.083	keypress_left
176.017	0.583	action_jump
176.017	0.617	keypress_jump
176.05	0.017	onscreen_enemy
176.333	0.267	keypress_left
176.733	0.117	keypress_right
176.75	0.017	action_rest
176.767	1.517	action_rightwalk
177.083	0.3	keypress_right
177.117	0.633	action_jump
177.117	0.533	keypress_jump
177.183	0.017	onscreen_enemy
177.267	4.733	onscreen_enemy
177.483	0.217	keypress_left
177.833	0.25	keypress_right
178.283	0.183	keypress_left
178.283	0.733	action_leftwalk
178.467	0.5	action_jump
178.467	0.45	keypress_jump
178.567	0.3	keypress_left
179.0	0.05	keypress_right
179.017	0.3	action_rest
179.067	0.583	action_jump
179.067	0.75	keypress_jump
179.117	0.7	keypress_right
179.317	2.667	action_rightwalk
180.067	0.283	keypress_right
180.5	2.0	keypress_up
180.817	1.183	action_climbingup
182.4	24.8	onscreen_enemy
183.4	3.5	keypress_up
187.0	2.267	keypress_right
187.683	0.017	action_rest
187.7	0.7	action_rightwalk
187.9	0.2	keypress_jump
188.4	1.0	keypress_runshoot
188.4	1.117	action_rightrun
188.767	0.55	keypress_jump
188.767	0.733	action_jump
189.267	0.017	reward_coin
189.367	0.267	keypress_left
189.583	0.933	action_jump
189.583	0.85	keypress_jump
189.7	0.017	reward_coin
189.733	0.283	keypress_right
189.75	0.017	reward_coin
190.05	0.333	keypress_left
190.25	0.033	reward_coin
190.483	0.317	keypress_right
190.583	2.917	action_rightwalk
190.783	0.667	keypress_jump
190.783	0.867	action_jump
190.933	0.017	reward_coin
191.033	0.017	reward_coin
191.067	0.467	keypress_right
191.367	0.017	reward_coin
191.75	0.333	keypress_jump
191.75	0.75	action_jump
191.9	0.017	reward_coin
191.933	0.017	reward_coin
192.033	0.017	reward_coin
192.25	0.183	keypress_left
192.25	0.017	reward_coin
192.583	0.233	keypress_right
192.617	1.017	keypress_jump
192.617	0.867	action_jump
192.9	0.167	keypress_left
193.367	0.283	keypress_left
193.5	0.45	action_leftwalk
193.85	0.95	keypress_jump
193.85	0.867	action_jump
193.933	0.483	keypress_right
193.95	0.017	action_rightwalk
193.967	0.783	action_rest
194.217	0.017	reward_coin
194.4	0.017	reward_coin
194.483	0.267	keypress_left
194.75	0.45	action_leftwalk
194.917	0.867	action_jump
194.917	0.8	keypress_jump
195.183	0.517	keypress_right
195.183	0.017	reward_coin
195.2	0.017	action_rightwalk
195.217	1.75	action_rest
195.233	0.017	reward_coin
195.533	0.017	reward_coin
195.9	0.95	keypress_jump
195.9	0.95	action_jump
196.167	0.017	reward_coin
196.217	0.017	reward_coin
196.233	0.2	keypress_right
196.3	0.017	reward_coin
196.467	0.017	reward_coin
196.567	0.25	keypress_left
196.967	0.017	action_leftwalk
196.967	0.183	keypress_right
196.983	0.017	action_rest
197.0	0.867	keypress_jump
197.0	1.9	action_rightwalk
197.0	0.867	action_jump
197.267	0.017	reward_coin
197.317	0.017	reward_coin
197.383	0.133	keypress_right
197.6	0.017	reward_coin
197.717	0.133	keypress_right
198.0	0.867	action_jump
198.0	0.65	keypress_jump
198.267	0.017	reward_coin
198.317	0.017	reward_coin
198.333	0.3	keypress_right
198.467	0.017	reward_coin
198.833	0.067	keypress_left
198.9	1.0	action_rest
198.917	1.067	keypress_jump
198.917	0.95	action_jump
199.183	0.333	keypress_right
199.35	0.017	reward_coin
199.6	0.367	keypress_left
199.9	7.283	action_leftwalk
203.85	0.383	keypress_left
203.967	3.233	action_jump
203.967	0.3	keypress_jump
204.683	0.367	keypress_right
204.767	0.033	reward_coin
207.617	0.85	action_rest
208.45	1.267	keypress_right
208.467	0.5	action_rightwalk
208.967	0.75	action_rightrun
208.967	0.7	keypress_runshoot
210.017	0.117	keypress_left
210.283	0.083	action_jump
210.283	0.183	keypress_jump
210.283	0.017	reward_coin
210.433	0.367	keypress_right
210.45	0.517	action_rightwalk
210.85	1.483	onscreen_powerup
210.85	0.183	keypress_jump
210.85	0.083	action_jump
210.933	0.383	keypress_left
210.967	0.033	action_rest
211.0	0.067	reward_enemykill_stomp
211.0	0.533	action_leftwalk
211.367	0.15	keypress_jump
211.367	0.017	reward_coin
211.367	0.083	action_jump
211.517	0.567	keypress_right
211.533	0.017	action_rest
211.55	1.8	action_rightwalk
211.617	0.05	action_jump
211.617	0.133	keypress_jump
211.8	0.017	reward_coin
211.8	0.083	action_jump
211.8	0.117	keypress_jump
212.067	19.483	onscreen_enemy
212.217	0.2	keypress_right
212.333	0.983	reward_powerup_taken
212.383	0.333	keypress_jump
212.45	1.417	keypress_left
213.35	0.15	action_rest
213.5	1.15	action_leftwalk
213.65	0.233	keypress_jump
213.65	0.483	action_jump
214.633	1.867	keypress_right
214.65	0.017	action_rest
214.667	0.05	action_rightwalk
214.717	0.367	action_rightrun
214.717	1.117	keypress_runshoot
215.083	0.95	action_rightwalk
215.083	0.817	action_jump
215.083	0.75	keypress_jump
216.033	1.083	action_rightrun
216.033	19.067	keypress_runshoot
216.233	0.65	keypress_jump
216.233	0.867	action_jump
216.833	5.417	reward_enemykill_stomp
217.0	0.65	keypress_left
217.783	0.167	keypress_right
217.833	0.067	action_rightrun
217.9	3.217	action_rightwalk
217.9	1.333	action_jump
217.9	0.317	keypress_jump
218.533	0.167	keypress_left
219.167	0.9	reward_enemykill_kick
219.683	1.133	action_jump
219.683	0.25	keypress_jump
219.967	0.2	keypress_right
220.767	0.85	reward_enemykill_kick
221.117	0.15	action_rightrun
221.117	0.85	keypress_right
221.267	0.517	action_rightwalk
221.267	0.15	keypress_jump
221.267	0.5	action_jump
221.783	0.183	action_rightrun
222.867	0.117	action_rightrun
222.867	0.117	keypress_right
222.983	0.75	action_rightwalk
223.183	0.533	action_jump
223.183	0.467	keypress_jump
223.2	1.133	keypress_right
223.733	0.783	action_rightrun
223.85	0.65	action_jump
223.85	0.5	keypress_jump
224.217	0.017	reward_coin
224.4	0.017	reward_coin
224.433	0.317	keypress_left
224.767	1.25	action_jump
224.767	0.367	keypress_jump
224.867	0.3	keypress_right
225.3	0.233	keypress_left
226.233	0.483	keypress_right
226.267	0.133	action_rightrun
226.4	2.633	action_rightwalk
226.4	1.2	action_jump
226.4	0.3	keypress_jump
226.967	0.15	keypress_left
227.333	0.917	loss_powerdown
227.517	0.083	keypress_left
229.033	0.033	action_rightrun
229.033	0.2	keypress_right
229.067	0.533	action_jump
229.067	0.167	keypress_jump
229.067	0.7	action_rightwalk
229.383	0.067	keypress_left
229.767	0.283	keypress_right
229.767	0.283	action_rightrun
230.05	0.55	action_rightwalk
230.133	0.133	keypress_jump
230.133	0.183	keypress_right
230.133	0.417	action_jump
230.6	0.067	keypress_left
230.6	0.017	action_leftwalk
230.617	0.05	action_leftrun
230.667	0.183	action_leftwalk
230.833	0.517	keypress_right
230.85	0.017	action_rest
230.867	0.15	action_rightrun
231.017	0.517	action_jump
231.017	0.267	keypress_jump
231.017	0.533	action_rightwalk
231.533	0.15	keypress_right
231.55	0.133	action_rightrun
231.683	0.117	action_rightwalk
231.8	0.067	action_rightrun
231.8	0.2	keypress_right
231.867	0.417	action_jump
231.867	0.133	keypress_jump
231.867	0.433	action_rightwalk
232.117	0.6	keypress_right
232.3	0.083	action_rightrun
232.383	0.717	action_rightwalk
232.383	0.517	action_jump
232.383	0.3	keypress_jump
233.05	12.55	onscreen_enemy
233.083	0.417	keypress_left
233.1	0.25	action_rest
233.183	0.667	action_jump
233.183	0.3	keypress_jump
233.35	0.533	action_leftwalk
233.7	1.317	keypress_right
233.883	0.017	action_rest
233.9	0.3	action_rightrun
234.2	0.833	keypress_jump
234.2	1.483	action_rightwalk
234.2	1.467	action_jump
235.067	1.417	keypress_left
235.35	1.133	keypress_runshoot
235.683	0.017	action_leftwalk
235.7	0.783	action_leftrun
236.567	1.6	keypress_right
236.617	1.517	keypress_runshoot
236.75	2.583	action_rightrun
237.483	0.65	keypress_jump
237.483	0.4	action_jump
239.383	6.217	action_rightwalk
246.117	0.15	keypress_jump
247.817	24.567	onscreen_enemy
247.85	0.517	action_rest
248.35	0.45	keypress_right
248.367	0.033	action_rightwalk
248.4	0.4	action_rightrun
248.4	0.417	keypress_runshoot
248.8	2.1	action_rightwalk
249.033	0.367	keypress_right
249.2	0.2	keypress_jump
249.2	0.617	action_jump
249.7	0.133	keypress_left
250.033	0.2	keypress_right
250.383	0.867	keypress_right
250.9	0.733	action_rightrun
250.9	0.35	keypress_runshoot
250.95	0.667	action_jump
250.95	0.317	keypress_jump
251.35	0.433	keypress_left
251.633	0.017	action_rightwalk
251.65	0.267	action_rest
251.9	0.633	keypress_right
251.917	0.1	action_rightwalk
252.017	0.117	action_rightrun
252.017	7.017	keypress_runshoot
252.133	0.417	keypress_jump
252.133	0.633	action_jump
252.133	0.667	action_rightwalk
252.65	0.183	keypress_left
252.8	0.133	action_rest
252.933	0.017	action_leftwalk
252.933	0.233	keypress_right
252.95	0.017	action_rest
252.967	0.2	action_rightrun
253.167	0.083	action_rightwalk
253.25	0.433	action_rightrun
253.25	0.433	keypress_right
253.683	0.55	action_rightwalk
254.233	0.35	keypress_right
254.233	0.35	action_rightrun
254.583	0.15	action_rightwalk
254.733	0.233	action_rightrun
254.733	0.233	keypress_right
254.967	0.733	action_rightwalk
255.067	0.95	action_jump
255.067	1.067	keypress_jump
255.083	1.017	keypress_left
255.7	0.017	action_leftwalk
255.717	0.317	action_rest
256.05	0.05	action_leftrun
256.1	0.017	action_leftwalk
257.283	0.133	keypress_right
257.317	0.1	action_rightrun
257.417	0.5	action_rightwalk
257.467	0.583	action_jump
257.467	0.217	keypress_jump
257.583	0.117	keypress_right
257.8	0.15	keypress_left
257.917	0.017	action_leftwalk
257.933	0.15	action_rest
258.083	0.333	action_rightwalk
258.417	0.15	keypress_right
258.417	0.15	action_rightrun
258.567	3.817	action_rightwalk
259.467	0.183	keypress_right
260.933	1.183	keypress_right
261.433	0.567	keypress_jump
261.433	0.883	action_jump
262.367	0.067	keypress_left
262.383	1.583	action_rest
262.417	0.633	action_jump
262.417	0.533	keypress_jump
262.533	0.333	keypress_right
262.967	0.2	keypress_left
263.117	0.817	action_jump
263.117	0.45	keypress_jump
263.3	0.25	keypress_right
263.667	0.3	keypress_left
263.967	0.183	action_leftwalk
264.133	0.967	keypress_right
264.15	0.017	action_rest
264.167	0.583	action_rightwalk
264.75	0.767	action_rightrun
264.75	0.333	keypress_runshoot
264.867	1.217	action_jump
264.867	0.217	keypress_jump
265.217	0.433	keypress_left
265.517	0.583	action_rightwalk
265.617	0.017	reward_coin
265.85	0.433	keypress_left
266.1	0.283	action_leftwalk
266.367	0.2	keypress_right
266.383	0.017	action_rest
266.4	1.4	action_rightwalk
266.6	0.3	keypress_right
266.683	0.75	action_jump
266.683	0.333	keypress_jump
267.1	0.083	keypress_left
267.8	0.183	keypress_left
267.8	4.567	action_leftwalk
268.183	0.817	keypress_down
268.583	3.75	loss_dying
268.583	3.8	action_jump
270.95	0.1	keypress_jump
273.0	0.1	keypress_jump
275.05	65.117	onscreen_enemy
275.083	0.167	action_rest
275.233	1.3	keypress_right
275.25	0.35	action_rightwalk
275.6	0.367	action_rightrun
275.6	0.217	keypress_runshoot
276.0	0.083	action_rightwalk
276.083	0.267	keypress_runshoot
276.083	0.417	action_rightrun
276.533	6.1	action_rightwalk
277.05	1.25	keypress_right
277.817	0.717	action_jump
277.817	0.367	keypress_jump
278.417	1.033	keypress_right
278.833	0.717	action_jump
278.833	0.517	keypress_jump
279.633	0.15	keypress_right
280.033	0.433	keypress_right
280.817	0.867	keypress_right
281.133	0.767	action_jump
281.133	0.417	keypress_jump
281.917	0.633	keypress_jump
281.917	0.683	action_jump
281.933	0.167	keypress_right
282.3	0.683	keypress_left
282.35	0.017	reward_coin
282.633	0.05	action_rest
282.683	0.767	action_leftwalk
282.917	0.25	keypress_jump
283.233	0.083	keypress_left
283.433	1.25	keypress_right
283.45	0.033	action_rest
283.483	1.983	action_rightwalk
283.7	0.517	keypress_jump
283.7	0.567	action_jump
284.4	0.283	keypress_jump
284.4	1.033	action_jump
285.083	0.517	reward_enemykill_stomp
285.133	0.75	keypress_left
285.467	0.05	action_rest
285.517	0.783	action_leftwalk
285.667	0.233	keypress_jump
285.667	0.6	action_jump
286.233	1.183	keypress_right
286.3	0.05	action_rest
286.35	2.333	action_rightwalk
286.85	1.133	action_jump
286.85	0.15	keypress_jump
287.533	0.017	reward_coin
287.683	0.183	keypress_left
288.0	0.55	keypress_right
288.15	0.233	keypress_jump
288.15	0.5	action_jump
288.633	0.233	keypress_left
288.683	0.183	action_rest
288.867	0.117	action_leftwalk
288.967	0.917	keypress_right
288.983	0.017	action_rest
289.0	1.25	action_rightwalk
289.083	1.133	action_jump
289.083	0.483	keypress_jump
289.967	0.633	keypress_left
290.25	0.083	action_rest
290.333	1.95	action_leftwalk
290.867	0.15	keypress_left
291.183	0.1	keypress_left
291.633	0.15	keypress_left
291.883	0.15	keypress_left
292.267	0.383	keypress_right
292.283	0.017	action_rest
292.283	0.183	keypress_jump
292.283	0.217	action_jump
292.3	0.5	action_rightwalk
292.35	1.133	onscreen_powerup
292.517	0.067	reward_enemykill_stomp
292.8	0.083	keypress_left
292.8	2.433	action_leftwalk
293.117	0.4	keypress_jump
293.117	0.367	action_jump
293.283	0.283	keypress_left
293.483	0.983	reward_powerup_taken
294.017	0.15	keypress_left
294.617	0.083	keypress_left
295.183	0.833	keypress_jump
295.183	0.867	action_jump
295.217	0.733	keypress_right
295.233	0.017	action_rightwalk
295.25	1.317	action_rest
295.583	0.017	reward_coin
296.55	0.383	keypress_right
296.567	2.467	action_rightwalk
297.267	1.133	keypress_right
297.55	0.7	action_jump
297.55	0.283	keypress_jump
298.35	0.65	action_jump
298.35	0.55	keypress_jump
298.883	0.217	keypress_left
299.033	0.183	action_rest
299.2	1.383	keypress_right
299.217	1.5	action_rightwalk
299.6	1.083	action_jump
299.6	0.933	keypress_jump
300.317	0.617	reward_enemykill_stomp
300.683	0.25	keypress_left
300.717	0.2	action_rest
300.917	0.15	action_leftwalk
301.05	0.3	keypress_right
301.067	0.017	action_rest
301.083	1.883	action_rightwalk
301.45	0.65	keypress_right
301.85	0.15	keypress_jump
301.85	0.683	action_jump
302.217	0.233	keypress_left
302.483	0.017	reward_coin
302.967	0.2	keypress_left
302.967	0.817	action_leftwalk
303.433	0.15	keypress_left
303.767	1.067	keypress_right
303.783	0.017	action_rest
303.8	2.783	action_rightwalk
304.0	0.717	keypress_jump
304.0	0.933	action_jump
305.083	0.917	keypress_right
305.233	0.85	keypress_jump
305.233	1.333	action_jump
305.55	0.017	reward_coin
305.733	0.017	reward_coin
306.033	0.667	keypress_left
306.583	3.367	action_leftwalk
306.867	0.3	keypress_left
308.133	0.2	keypress_left
309.633	0.1	keypress_left
309.933	0.133	keypress_right
309.95	0.017	action_rest
309.967	3.25	action_rightwalk
310.4	1.067	keypress_right
310.9	0.683	action_jump
310.9	0.583	keypress_jump
311.7	0.45	keypress_right
311.717	1.2	action_jump
311.717	0.45	keypress_jump
312.433	0.35	keypress_left
312.517	2.7	reward_enemykill_stomp
313.217	1.0	action_leftwalk
313.217	0.517	keypress_left
313.367	0.45	keypress_jump
313.367	0.817	action_jump
314.117	0.333	keypress_right
314.217	0.1	action_rest
314.317	1.25	action_rightwalk
314.783	0.583	keypress_right
315.217	0.2	reward_enemykill_kick
315.55	0.383	keypress_left
315.567	0.067	action_rest
315.633	1.35	action_leftwalk
316.033	0.05	reward_enemykill_kick
316.967	0.15	keypress_right
316.983	0.017	action_rest
317.0	0.333	action_rightwalk
317.25	1.05	keypress_right
317.333	1.55	keypress_runshoot
317.333	1.333	action_rightrun
317.833	1.05	action_jump
317.833	0.517	keypress_jump
318.367	0.883	keypress_left
318.967	0.083	action_leftwalk
319.05	1.533	keypress_runshoot
319.05	0.067	action_leftrun
319.117	0.567	action_leftwalk
319.117	0.533	action_jump
319.117	0.167	keypress_jump
319.533	0.983	keypress_right
319.683	0.017	action_rest
319.7	0.317	action_rightrun
320.017	0.933	action_jump
320.017	1.4	action_rightwalk
320.017	0.55	keypress_jump
320.217	0.017	reward_coin
320.4	0.017	reward_coin
320.617	0.3	keypress_left
321.417	0.2	keypress_left
321.417	1.867	action_leftwalk
323.267	0.833	keypress_right
323.283	0.017	action_rest
323.3	0.067	action_rightwalk
323.367	0.917	keypress_runshoot
323.367	0.35	action_rightrun
323.717	0.683	action_jump
323.717	0.483	keypress_jump
323.717	0.717	action_rightwalk
324.167	0.35	keypress_left
324.433	0.083	action_rest
324.517	0.233	action_leftwalk
324.633	0.267	keypress_jump
324.633	0.633	action_jump
324.733	0.117	keypress_right
324.75	0.017	action_rightwalk
324.767	0.683	action_rest
324.983	0.2	keypress_right
325.0	0.067	keypress_down
325.333	0.4	keypress_left
325.45	0.883	action_leftwalk
326.317	1.383	keypress_right
326.333	0.017	action_rest
326.35	0.05	action_rightwalk
326.4	1.267	keypress_runshoot
326.4	0.25	action_rightrun
326.65	2.25	action_rightwalk
326.65	0.883	keypress_jump
326.65	1.15	action_jump
327.8	0.7	keypress_right
327.833	0.233	keypress_jump
327.833	0.517	action_jump
328.45	0.433	action_jump
328.45	0.167	keypress_jump
328.683	1.483	keypress_right
328.75	1.417	keypress_runshoot
328.9	2.417	action_rightrun
329.0	0.85	action_jump
329.0	1.15	keypress_jump
331.5	8.667	action_rightwalk
340.667	0.15	keypress_jump
341.717	0.483	action_rest
342.183	1.9	keypress_right
342.2	1.367	action_rightwalk
343.567	0.45	keypress_runshoot
343.567	0.517	action_rightrun
344.417	0.333	keypress_jump
344.417	0.383	action_jump
344.5	0.4	keypress_left
344.567	0.017	reward_coin
344.85	0.433	action_leftwalk
344.983	0.367	action_jump
344.983	0.383	keypress_jump
345.133	0.017	reward_coin
345.25	0.217	keypress_right
345.283	0.017	action_rightwalk
345.3	0.083	action_rest
345.383	0.25	action_rightwalk
345.567	0.75	keypress_right
345.633	0.267	action_rightrun
345.633	0.617	keypress_runshoot
345.9	0.333	keypress_jump
345.9	0.75	action_jump
345.9	0.783	action_rightwalk
346.217	26.017	onscreen_enemy
346.533	0.4	keypress_right
346.683	0.333	keypress_runshoot
346.683	0.667	action_rightrun
346.85	0.483	action_jump
346.85	0.167	keypress_jump
347.317	0.2	keypress_left
347.4	0.467	action_leftwalk
347.85	0.15	keypress_right
347.867	0.017	action_rest
347.883	2.6	action_rightwalk
348.317	1.367	keypress_right
348.45	0.75	action_jump
348.45	0.733	keypress_jump
349.317	0.633	action_jump
349.317	0.283	keypress_jump
349.75	0.133	keypress_left
350.1	0.35	keypress_jump
350.1	0.367	action_jump
350.25	0.317	keypress_left
350.25	1.7	onscreen_powerup
350.417	0.067	reward_enemykill_stomp
350.483	0.55	action_leftwalk
350.55	0.367	action_jump
350.55	0.367	keypress_jump
351.017	0.1	keypress_right
351.033	0.017	action_rest
351.05	3.467	action_rightwalk
351.25	0.15	keypress_right
351.517	2.767	keypress_right
351.733	0.217	action_jump
351.733	1.733	keypress_jump
351.95	0.983	reward_powerup_taken
353.733	0.25	keypress_jump
353.733	0.233	action_jump
353.817	0.017	reward_bricksmash
354.183	0.25	keypress_jump
354.183	0.25	action_jump
354.267	0.017	reward_coin
354.5	0.633	keypress_left
354.517	0.183	action_rest
354.7	1.233	action_leftwalk
355.233	0.333	keypress_right
355.233	0.233	action_jump
355.233	0.183	keypress_jump
355.317	0.017	reward_coin
355.483	0.217	action_jump
355.483	0.15	keypress_jump
355.65	0.15	keypress_jump
355.833	0.233	action_jump
355.833	0.117	keypress_jump
355.917	0.067	keypress_right
355.917	0.017	reward_coin
355.933	0.017	action_rightwalk
355.95	0.5	action_rest
355.983	0.233	keypress_jump
356.267	0.233	action_jump
356.267	0.2	keypress_jump
356.35	0.017	reward_coin
356.433	0.2	keypress_left
356.45	2.333	action_leftwalk
356.65	0.267	keypress_jump
356.65	0.233	action_jump
356.733	0.017	reward_coin
357.0	0.233	action_jump
357.0	0.233	keypress_jump
357.083	0.017	reward_bricksmash
357.35	0.55	action_jump
357.35	0.183	keypress_jump
358.517	0.583	action_jump
358.517	0.733	keypress_jump
358.767	1.683	keypress_right
358.783	0.017	action_rightwalk
358.8	0.333	action_rest
359.133	0.783	action_rightwalk
359.317	0.167	keypress_jump
359.917	9.683	keypress_runshoot
359.917	0.533	action_rightrun
360.567	1.15	action_rightrun
360.567	0.55	keypress_right
360.85	0.683	action_jump
360.85	0.267	keypress_jump
361.533	0.183	keypress_right
361.533	0.367	keypress_jump
361.967	0.617	keypress_right
361.967	1.767	action_rightrun
362.117	0.45	keypress_jump
362.117	0.6	action_jump
362.633	0.6	keypress_right
362.8	0.917	action_jump
362.8	0.233	keypress_jump
363.7	0.367	keypress_jump
363.933	0.267	action_rightrun
363.933	0.817	keypress_right
364.2	0.683	action_jump
364.2	0.533	keypress_jump
364.2	0.717	action_rightwalk
364.833	0.35	keypress_left
364.917	0.967	action_rest
364.917	0.267	action_jump
364.917	0.917	loss_powerdown
365.883	0.367	action_leftwalk
366.233	1.617	keypress_right
366.25	0.017	action_rest
366.267	0.2	action_rightrun
366.467	0.75	keypress_jump
366.467	0.7	action_rightwalk
366.467	0.683	action_jump
367.167	0.117	action_rightrun
367.283	0.817	action_jump
367.283	2.717	action_rightwalk
367.283	0.567	keypress_jump
368.2	0.417	keypress_jump
368.2	1.55	action_jump
368.25	0.7	keypress_right
369.383	0.167	keypress_left
369.867	1.7	keypress_right
370.0	0.317	keypress_runshoot
370.0	0.05	action_rightrun
370.05	0.333	keypress_jump
370.05	2.0	action_rightwalk
370.05	0.55	action_jump
370.8	1.15	action_jump
370.8	2.767	keypress_jump
371.617	0.017	reward_coin
371.783	0.65	keypress_right
372.05	0.383	keypress_runshoot
372.05	0.383	action_rightrun
372.65	1.85	keypress_right
372.683	0.083	action_rightwalk
372.767	0.917	action_rightrun
372.767	0.767	keypress_runshoot
373.683	6.183	keypress_jump
373.683	7.833	action_rightwalk
373.683	0.683	action_jump
376.117	0.083	keypress_right
380.433	0.667	keypress_right
380.633	6.983	keypress_jump
380.633	0.75	action_jump
381.5	0.05	keypress_left
381.517	0.6	action_rest
382.1	0.217	keypress_right
382.117	1.667	action_rightwalk
382.567	1.1	keypress_right
383.767	0.3	keypress_left
383.767	14.883	onscreen_enemy
383.783	0.067	action_rest
383.85	0.4	action_leftwalk
384.233	0.267	keypress_right
384.25	0.017	action_rest
384.267	0.367	action_rightwalk
384.633	0.15	keypress_left
384.633	3.783	action_leftwalk
385.15	0.117	keypress_left
385.867	0.1	keypress_left
388.067	0.083	keypress_left
388.183	0.367	action_jump
388.183	0.2	keypress_jump
388.333	1.683	onscreen_powerup
388.35	0.167	keypress_right
388.417	0.017	action_rightwalk
388.433	0.25	action_rest
388.483	0.067	reward_enemykill_stomp
388.667	0.35	keypress_right
388.683	1.283	action_rightwalk
389.233	0.25	keypress_right
389.817	0.2	action_jump
389.817	0.15	keypress_jump
389.9	0.083	keypress_left
389.967	0.017	action_leftwalk
389.983	1.05	action_rest
390.017	0.983	reward_powerup_taken
390.25	0.1	keypress_right
390.833	0.2	keypress_right
391.033	0.3	action_rightwalk
391.117	4.433	keypress_right
391.3	1.633	keypress_runshoot
391.333	0.233	action_rightrun
391.567	0.217	keypress_jump
391.567	0.7	action_rightwalk
391.567	0.683	action_jump
392.267	0.9	action_rightrun
392.633	0.3	keypress_jump
392.633	0.517	action_jump
393.183	2.633	action_rightwalk
393.267	0.75	action_jump
393.267	0.833	keypress_jump
394.283	0.917	loss_powerdown
394.283	1.2	keypress_jump
394.283	1.517	action_jump
395.7	0.183	keypress_left
395.817	0.25	action_leftwalk
395.85	0.783	keypress_jump
395.85	1.2	action_jump
395.983	0.417	keypress_right
396.067	0.017	action_rightwalk
396.083	0.783	action_rest
396.467	0.3	keypress_left
396.817	0.133	keypress_left
396.867	0.25	action_leftwalk
397.1	0.15	keypress_right
397.117	0.017	action_rest
397.133	0.483	action_rightwalk
397.467	0.367	keypress_right
397.617	0.917	keypress_runshoot
397.617	0.083	action_rightrun
397.7	0.467	action_rightwalk
398.167	0.3	keypress_right
398.167	0.3	action_rightrun
398.467	0.133	action_rightwalk
398.583	0.283	keypress_left
398.6	0.167	action_rest
398.767	1.25	action_leftwalk
399.083	0.2	keypress_left
399.633	0.133	keypress_left
399.817	0.083	action_jump
399.817	0.183	keypress_jump
399.817	0.017	reward_coin
400.0	0.217	keypress_right
400.017	0.017	action_rest
400.033	0.3	action_rightwalk
400.217	0.083	action_jump
400.217	0.017	reward_coin
400.217	0.15	keypress_jump
400.333	0.7	action_leftwalk
400.333	0.267	keypress_left
400.583	0.133	keypress_jump
400.583	0.083	action_jump
400.583	0.017	reward_coin
400.767	0.05	action_jump
400.767	0.117	keypress_jump
400.917	0.083	action_jump
400.917	0.2	keypress_right
400.917	0.117	keypress_jump
400.917	0.017	reward_coin
401.033	0.017	action_rest
401.05	4.4	action_rightwalk
401.083	0.117	keypress_jump
401.083	0.05	action_jump
401.25	0.1	keypress_right
401.333	0.017	reward_coin
401.333	0.117	keypress_jump
401.333	0.083	action_jump
401.483	0.067	keypress_right
401.5	0.117	keypress_jump
401.5	0.05	action_jump
401.667	0.017	reward_coin
401.667	0.117	keypress_jump
401.667	0.083	action_jump
401.85	0.1	keypress_jump
401.85	0.05	action_jump
402.017	0.017	reward_coin
402.017	0.083	action_jump
402.017	0.1	keypress_jump
402.183	0.083	keypress_jump
402.183	0.05	action_jump
402.333	0.1	keypress_jump
402.333	0.083	action_jump
402.333	0.017	reward_coin
402.483	0.117	keypress_jump
402.483	0.05	action_jump
402.65	0.083	action_jump
402.65	0.017	reward_coin
402.65	0.117	keypress_jump
402.833	0.1	keypress_jump
402.833	0.05	action_jump
403.0	0.017	reward_coin
403.0	0.1	keypress_jump
403.0	0.083	action_jump
403.167	0.1	keypress_jump
403.167	0.05	action_jump
403.333	0.1	keypress_jump
403.333	0.017	reward_coin
403.333	0.083	action_jump
403.5	0.1	keypress_jump
403.5	0.05	action_jump
403.683	0.017	reward_coin
403.683	0.1	keypress_jump
403.683	0.083	action_jump
403.85	0.1	keypress_jump
403.85	0.05	action_jump
404.033	0.05	action_jump
404.033	0.1	keypress_jump
404.217	0.1	keypress_jump
404.217	0.05	action_jump
404.4	0.05	action_jump
404.4	0.1	keypress_jump
404.8	0.333	keypress_right
405.45	0.25	keypress_left
405.45	0.683	action_leftwalk
406.117	1.767	keypress_right
406.133	0.017	action_rest
406.15	0.25	action_rightwalk
406.4	1.883	action_rightrun
406.4	6.633	keypress_runshoot
407.6	0.683	action_jump
407.6	0.267	keypress_jump
408.133	0.95	keypress_right
408.3	0.033	action_rightrun
408.333	0.667	action_rightwalk
408.333	0.65	action_jump
408.333	0.483	keypress_jump
409.0	0.083	action_rightrun
409.083	0.017	action_rightwalk
409.183	0.267	keypress_right
409.183	0.067	action_rightrun
409.25	0.183	keypress_jump
409.25	0.483	action_jump
409.25	0.583	action_rightwalk
409.833	0.35	action_rightrun
409.833	0.35	keypress_right
410.183	0.65	action_rightwalk
410.267	0.167	keypress_jump
410.267	0.467	action_jump
410.333	0.167	keypress_right
410.833	0.317	action_rightrun
410.833	2.25	keypress_right
411.15	0.583	action_rightwalk
411.15	0.567	action_jump
411.15	0.35	keypress_jump
411.733	2.467	action_rightrun
411.867	0.883	action_jump
411.867	1.167	keypress_jump
412.083	10.133	onscreen_enemy
414.267	7.95	action_rightwalk
420.617	0.133	keypress_jump
423.75	22.05	onscreen_enemy
423.917	0.317	action_rest
424.217	1.183	keypress_right
424.233	0.483	action_rightwalk
424.717	0.683	action_rightrun
424.717	13.033	keypress_runshoot
425.483	0.533	keypress_left
425.533	0.433	keypress_jump
425.533	0.333	action_jump
425.883	0.133	action_leftrun
426.017	1.667	action_leftwalk
426.267	0.367	action_jump
426.267	0.25	keypress_jump
426.317	0.183	keypress_left
426.767	0.367	action_jump
426.767	0.333	keypress_jump
426.883	0.15	keypress_left
427.25	0.433	keypress_jump
427.25	0.367	action_jump
427.35	0.133	keypress_left
427.667	0.383	keypress_right
427.683	0.017	action_rest
427.7	0.3	action_rightrun
428.0	0.467	keypress_jump
428.0	0.417	action_rightwalk
428.0	0.383	action_jump
428.233	0.317	keypress_left
428.417	0.05	action_rest
428.467	0.083	action_leftrun
428.55	0.433	action_leftwalk
428.583	0.367	action_jump
428.583	0.467	keypress_jump
428.967	0.267	keypress_right
428.983	0.017	action_rest
429.0	0.233	action_rightrun
429.233	0.217	action_rightwalk
429.45	0.017	action_leftwalk
429.45	0.267	keypress_left
429.467	0.233	action_leftrun
429.7	0.5	keypress_jump
429.7	0.367	action_jump
429.7	0.4	action_leftwalk
429.933	0.283	keypress_right
430.1	0.017	action_rest
430.117	0.1	action_rightrun
430.217	0.45	action_rightwalk
430.283	0.367	keypress_jump
430.283	0.367	action_jump
430.55	0.35	keypress_right
430.667	0.233	action_rightrun
430.9	0.3	action_rightwalk
431.167	0.367	action_jump
431.167	0.5	keypress_jump
431.2	0.4	keypress_left
431.2	0.017	action_leftwalk
431.217	0.333	action_rest
431.567	0.033	action_leftrun
431.6	0.117	action_leftwalk
431.7	0.65	keypress_right
431.717	0.2	action_rest
431.917	0.433	action_rightrun
432.35	0.217	action_rightwalk
432.55	0.133	keypress_left
432.567	0.1	action_rest
432.667	0.017	action_leftrun
432.683	0.25	action_leftwalk
432.917	0.2	keypress_right
432.933	0.017	action_rest
432.95	0.167	action_rightrun
433.117	0.217	action_rightwalk
433.333	0.217	keypress_right
433.333	0.217	action_rightrun
433.55	0.167	action_rightwalk
433.717	0.017	action_leftwalk
433.717	0.733	keypress_jump
433.717	0.45	keypress_left
433.717	0.583	action_jump
433.733	0.583	action_rest
434.217	0.2	keypress_left
434.333	0.083	action_leftrun
434.417	0.967	action_leftwalk
434.617	0.533	keypress_jump
434.617	0.917	action_jump
434.717	0.45	keypress_right
435.383	0.333	keypress_right
435.383	0.017	action_rightwalk
435.4	0.15	action_rest
435.567	0.15	action_rightrun
435.717	0.717	action_rightwalk
435.75	0.283	keypress_jump
435.75	0.7	action_jump
435.867	0.817	keypress_left
436.433	0.017	action_leftwalk
436.45	0.017	action_rest
436.483	0.2	action_leftrun
436.683	0.217	action_leftwalk
436.9	0.1	keypress_left
436.9	0.1	action_leftrun
437.0	0.117	action_leftwalk
437.117	0.167	keypress_left
437.117	0.167	action_leftrun
437.283	0.283	action_leftwalk
437.567	0.217	action_leftrun
437.567	0.217	keypress_left
437.783	0.45	action_leftwalk
438.05	0.067	keypress_left
438.217	1.017	keypress_right
438.233	0.017	action_rest
438.25	1.433	action_rightrun
438.25	1.0	keypress_runshoot
438.767	0.9	action_jump
438.767	0.483	keypress_jump
439.317	0.117	keypress_right
439.517	0.45	keypress_left
439.633	0.433	keypress_jump
439.683	0.017	action_rightwalk
440.267	0.233	keypress_right
440.283	5.5	action_rightwalk
441.033	0.167	keypress_right
441.417	0.267	keypress_right
441.783	0.717	keypress_right
441.917	0.417	keypress_jump
441.917	0.367	action_jump
442.067	0.017	reward_coin
442.3	3.5	action_jump
442.3	3.45	loss_dying
442.467	0.233	keypress_jump
442.8	0.15	keypress_left
446.617	0.1	keypress_jump
447.783	0.217	keypress_right
447.917	1.3	keypress_runshoot
448.233	6.967	onscreen_enemy
448.667	0.017	action_rest
448.667	0.8	keypress_right
448.683	0.683	action_rightrun
449.4	0.833	action_rightwalk
449.55	0.617	action_jump
449.55	0.5	keypress_jump
449.55	0.05	keypress_runshoot
449.617	1.85	keypress_right
449.967	0.083	keypress_runshoot
450.233	1.267	keypress_runshoot
450.233	1.467	action_rightrun
450.483	0.95	keypress_jump
450.483	1.2	action_jump
451.567	0.483	keypress_left
451.7	3.45	loss_dying
451.7	3.5	action_jump
451.733	0.283	keypress_jump
451.8	0.167	keypress_runshoot
455.833	0.133	keypress_runshoot
455.833	0.2	keypress_right
455.917	0.067	keypress_jump
456.117	0.15	keypress_jump
456.5	0.133	keypress_jump
456.817	0.817	keypress_right
457.667	125.467	onscreen_enemy
457.833	0.3	action_rest
458.117	1.067	keypress_right
458.133	0.233	action_rightwalk
458.367	6.25	keypress_runshoot
458.367	1.017	action_rightrun
458.7	0.667	action_jump
458.7	0.55	keypress_jump
459.283	0.667	keypress_left
459.667	0.283	action_leftrun
459.95	0.25	action_leftwalk
460.183	0.167	keypress_right
460.2	0.017	action_rest
460.217	0.133	action_rightrun
460.35	0.383	action_rightwalk
460.733	0.45	action_rightrun
460.733	1.383	keypress_right
461.183	1.217	action_rightwalk
461.183	1.2	action_jump
461.183	0.95	keypress_jump
462.2	0.783	keypress_right
462.4	0.017	action_rightrun
462.417	0.567	keypress_jump
462.417	0.683	action_rightwalk
462.417	0.583	action_jump
463.1	0.183	keypress_left
463.1	0.017	action_leftwalk
463.117	0.167	action_leftrun
463.283	0.167	action_leftwalk
463.433	0.15	keypress_right
463.45	0.017	action_rest
463.467	0.117	action_rightrun
463.583	1.567	action_rightwalk
465.1	0.7	keypress_right
465.15	0.9	keypress_runshoot
465.15	0.283	action_rightrun
465.433	0.617	keypress_jump
465.433	0.683	action_jump
465.433	0.717	action_rightwalk
466.1	0.15	keypress_left
466.15	1.583	action_rest
467.2	0.5	action_jump
467.2	0.15	keypress_jump
467.4	0.333	keypress_down
467.733	0.833	action_leftwalk
467.917	0.433	keypress_jump
467.917	0.8	action_jump
468.55	0.217	keypress_right
468.567	0.017	action_rightwalk
468.583	0.167	action_rest
468.75	4.183	action_rightwalk
470.85	0.55	keypress_right
471.033	0.933	action_jump
471.033	0.3	keypress_jump
471.567	0.217	keypress_left
472.067	0.483	keypress_right
472.283	0.4	keypress_jump
472.283	0.617	action_jump
472.75	0.267	keypress_left
472.933	0.233	action_rest
473.15	0.283	keypress_down
473.167	0.75	action_leftwalk
473.533	0.183	keypress_left
473.9	0.15	keypress_right
473.917	0.017	action_rest
473.933	3.467	action_rightwalk
474.467	0.333	keypress_right
474.683	0.35	keypress_jump
474.683	1.033	action_jump
474.967	0.083	keypress_left
475.25	0.15	keypress_right
475.533	0.133	keypress_left
475.767	0.3	keypress_down
476.133	0.467	keypress_right
476.833	0.25	keypress_down
477.15	0.983	keypress_right
477.4	0.733	action_rightrun
477.4	9.183	keypress_runshoot
478.467	1.067	keypress_right
478.467	0.35	action_rightrun
478.817	0.483	keypress_jump
478.817	0.55	action_jump
478.817	0.567	action_rightwalk
479.383	0.15	action_rightrun
479.533	0.667	action_rightwalk
479.733	0.2	keypress_down
480.2	0.15	action_rightrun
480.2	0.517	keypress_right
480.35	0.333	keypress_jump
480.35	0.967	action_jump
480.35	1.417	action_rightwalk
481.367	0.417	keypress_jump
481.367	0.383	action_jump
481.417	0.55	keypress_left
481.517	1.483	onscreen_powerup
481.667	0.067	reward_enemykill_stomp
481.767	0.017	action_leftwalk
481.783	0.183	action_leftrun
481.967	0.117	action_leftwalk
482.067	0.367	keypress_right
482.083	0.017	action_rest
482.1	0.333	action_rightrun
482.433	0.15	action_rightwalk
482.567	0.1	keypress_left
482.583	0.067	action_rest
482.65	0.017	action_leftrun
482.667	1.35	action_leftwalk
482.867	0.133	action_jump
482.867	0.367	keypress_jump
482.983	0.2	keypress_left
483.0	0.983	reward_powerup_taken
483.317	1.1	keypress_right
484.017	0.017	action_rest
484.033	0.35	action_rightwalk
484.383	0.033	action_rightrun
484.417	0.15	action_rightwalk
484.55	0.667	keypress_left
484.567	0.017	action_rest
484.583	0.183	action_leftrun
484.767	0.55	action_jump
484.767	0.617	action_leftwalk
484.767	0.483	keypress_jump
485.367	0.317	keypress_right
485.383	0.183	action_rest
485.567	0.117	action_rightrun
485.683	4.283	action_rightwalk
487.567	0.183	keypress_right
488.45	0.867	keypress_right
488.933	0.417	keypress_jump
488.933	0.767	action_jump
489.433	0.25	keypress_left
489.967	0.167	keypress_left
489.967	0.883	action_leftwalk
490.833	0.9	keypress_right
490.85	0.017	action_rest
490.867	0.067	action_rightwalk
490.933	0.367	action_rightrun
490.933	0.817	keypress_runshoot
491.3	0.433	keypress_jump
491.3	0.767	action_jump
491.3	0.8	action_rightwalk
491.933	0.333	keypress_left
492.1	0.133	action_rest
492.233	0.483	action_leftwalk
492.45	0.117	keypress_left
492.7	0.983	keypress_right
492.717	0.017	action_rest
492.733	0.033	action_rightwalk
492.767	0.95	keypress_runshoot
492.767	0.317	action_rightrun
493.083	0.817	action_jump
493.083	1.083	action_rightwalk
493.083	0.617	keypress_jump
493.817	0.1	keypress_left
494.05	0.433	keypress_right
494.167	0.317	action_rightrun
494.167	0.867	keypress_runshoot
494.517	0.833	action_rightrun
494.517	0.4	keypress_jump
494.517	0.817	action_jump
494.533	0.383	keypress_right
495.167	0.4	keypress_left
495.883	0.283	keypress_right
495.9	0.483	action_rightwalk
496.383	0.317	action_leftwalk
496.383	0.2	keypress_left
496.683	1.25	keypress_right
496.7	0.017	action_rest
496.717	0.067	action_rightwalk
496.783	1.15	keypress_runshoot
496.783	0.3	action_rightrun
497.083	1.3	action_rightwalk
497.083	0.85	keypress_jump
497.083	1.083	action_jump
498.033	0.1	keypress_left
498.25	0.733	keypress_right
498.383	1.417	action_rightrun
498.383	0.6	keypress_runshoot
498.467	1.317	action_jump
498.467	0.517	keypress_jump
499.25	0.167	keypress_right
499.783	0.917	keypress_right
499.833	2.817	action_rightwalk
500.017	0.533	action_jump
500.017	0.467	keypress_jump
500.833	0.283	keypress_down
501.183	0.25	keypress_right
501.467	0.267	keypress_down
501.817	0.65	keypress_right
502.6	0.333	keypress_left
502.65	1.067	action_rest
502.767	0.267	action_jump
502.767	0.917	loss_powerdown
503.033	1.217	keypress_right
503.033	0.2	keypress_jump
503.717	1.55	action_rightwalk
503.967	0.65	action_jump
503.967	0.367	keypress_jump
504.35	0.133	keypress_left
504.6	0.067	keypress_right
504.783	0.367	keypress_down
505.267	0.317	keypress_left
505.267	0.483	action_leftwalk
505.733	0.333	keypress_right
505.75	0.017	action_rest
505.767	0.4	action_rightwalk
506.167	0.45	keypress_left
506.167	0.8	action_leftwalk
506.733	0.633	keypress_right
506.967	0.017	action_rest
506.983	0.767	action_rightwalk
507.4	0.817	action_jump
507.4	0.467	keypress_jump
507.733	0.233	keypress_left
507.75	0.017	action_leftwalk
507.767	1.133	action_rest
508.883	0.1	keypress_left
508.9	0.433	action_leftwalk
509.317	0.1	keypress_right
509.333	0.017	action_rest
509.35	3.1	action_rightwalk
509.483	0.183	keypress_right
509.85	0.183	keypress_right
510.133	0.4	keypress_right
510.583	0.45	keypress_jump
510.583	0.383	action_jump
510.667	0.283	keypress_left
511.25	0.45	keypress_right
511.983	0.117	keypress_right
512.067	0.467	keypress_jump
512.067	0.367	action_jump
512.417	0.15	keypress_left
512.45	0.267	action_leftwalk
512.7	0.633	keypress_right
512.717	0.017	action_rest
512.733	1.933	action_rightwalk
513.55	0.8	keypress_right
514.017	0.333	keypress_jump
514.017	0.583	action_jump
514.667	0.467	keypress_left
514.667	0.733	action_leftwalk
514.817	0.55	action_jump
514.817	0.3	keypress_jump
515.283	0.117	keypress_right
515.4	0.15	action_rest
515.533	0.3	keypress_right
515.55	0.633	action_rightwalk
515.9	0.7	action_jump
515.9	0.333	keypress_jump
515.933	0.367	keypress_left
516.183	0.017	action_leftwalk
516.2	1.4	action_rest
517.583	0.717	keypress_right
517.6	0.867	action_rightwalk
517.967	0.567	action_jump
517.967	0.55	keypress_jump
518.383	0.217	keypress_left
518.467	0.017	action_leftwalk
518.483	0.083	action_rest
518.567	0.3	action_leftwalk
518.733	0.233	keypress_right
518.867	0.017	action_rest
518.883	0.733	action_rightwalk
519.1	0.5	action_jump
519.1	0.25	keypress_jump
519.183	0.267	keypress_right
519.217	0.05	keypress_down
519.617	0.083	keypress_left
519.617	1.517	action_leftwalk
519.75	0.433	keypress_left
519.783	0.317	keypress_jump
519.783	0.567	action_jump
520.55	0.367	keypress_jump
520.55	0.55	action_jump
520.583	0.383	keypress_left
521.083	2.167	keypress_right
521.133	0.017	action_rest
521.15	5.117	action_rightwalk
521.283	0.317	keypress_jump
521.283	0.633	action_jump
522.0	0.717	keypress_jump
522.0	0.95	action_jump
523.517	0.2	keypress_right
526.2	0.817	keypress_right
526.267	0.367	action_rightrun
526.267	0.75	keypress_runshoot
526.633	3.183	action_rightwalk
526.633	0.3	keypress_jump
526.633	1.1	action_jump
527.117	0.317	keypress_left
527.7	0.25	keypress_down
528.1	0.15	keypress_right
528.633	0.733	keypress_right
528.783	0.867	action_jump
528.783	0.55	keypress_jump
529.5	0.2	keypress_down
529.8	0.183	keypress_left
529.817	0.367	action_rest
530.167	0.283	keypress_right
530.183	1.183	action_rightwalk
530.2	0.567	keypress_jump
530.2	0.567	action_jump
530.567	0.167	keypress_left
530.867	0.117	keypress_right
530.917	0.583	keypress_jump
530.917	0.567	action_jump
531.2	0.2	keypress_left
531.367	0.017	action_leftwalk
531.383	0.167	action_rest
531.533	0.117	keypress_right
531.55	0.217	action_rightwalk
531.767	0.85	keypress_left
531.767	1.467	action_leftwalk
532.7	0.25	keypress_jump
532.7	0.5	action_jump
532.733	0.3	keypress_left
533.217	0.567	keypress_right
533.233	0.017	action_rest
533.25	0.75	action_rightwalk
533.383	0.583	action_jump
533.383	0.4	keypress_jump
533.917	0.267	keypress_left
534.0	0.117	action_rest
534.117	0.317	action_leftwalk
534.417	0.233	keypress_right
534.433	0.017	action_rest
534.45	2.983	action_rightwalk
534.967	0.15	keypress_right
535.233	0.133	keypress_right
535.833	0.017	keypress_right
535.917	0.217	keypress_jump
535.917	0.583	action_jump
536.617	0.133	keypress_right
537.15	0.117	keypress_right
537.3	0.733	action_jump
537.3	0.367	keypress_jump
537.367	0.3	keypress_left
537.433	0.017	action_leftwalk
537.45	0.617	action_rest
537.817	0.317	keypress_right
538.067	3.05	action_rightwalk
538.233	1.017	keypress_right
538.3	0.6	action_jump
538.3	0.417	keypress_jump
539.05	0.8	action_jump
539.05	0.15	keypress_jump
539.383	0.083	keypress_left
539.583	0.15	keypress_right
539.967	0.317	keypress_right
540.233	0.367	action_jump
540.233	0.383	keypress_jump
540.383	0.15	keypress_left
540.667	0.2	keypress_right
540.733	0.367	action_jump
540.733	0.467	keypress_jump
540.967	0.267	keypress_left
541.117	0.233	action_leftwalk
541.333	0.283	keypress_right
541.35	0.017	action_rest
541.367	0.433	action_rightwalk
541.8	0.383	action_leftwalk
541.8	0.233	keypress_left
542.167	0.383	keypress_right
542.183	0.017	action_rest
542.2	0.7	action_rightwalk
542.633	0.817	keypress_left
542.9	1.333	action_leftwalk
543.817	0.133	keypress_left
544.217	0.1	keypress_right
544.233	0.017	action_rest
544.25	4.6	action_rightwalk
544.467	0.367	action_jump
544.467	0.383	keypress_jump
544.883	0.217	keypress_right
545.067	0.333	keypress_jump
545.067	0.367	action_jump
545.517	0.367	action_jump
545.517	0.367	keypress_jump
545.833	0.7	keypress_right
546.4	0.4	action_jump
546.4	0.133	keypress_jump
546.983	0.233	keypress_right
547.1	0.4	action_jump
547.1	0.117	keypress_jump
547.35	1.017	keypress_right
547.6	0.483	action_jump
547.6	0.133	keypress_jump
548.167	0.65	action_jump
548.167	0.183	keypress_jump
548.7	0.633	keypress_left
548.85	0.267	action_rest
548.933	0.35	keypress_jump
548.933	0.717	action_jump
549.117	1.0	action_leftwalk
549.767	0.533	action_jump
549.767	0.167	keypress_jump
549.783	0.133	keypress_left
550.05	0.183	keypress_right
550.117	0.017	action_rightwalk
550.133	0.367	action_rest
550.483	0.7	keypress_right
550.5	0.833	action_rightwalk
550.55	0.75	action_jump
550.55	0.633	keypress_jump
551.283	0.633	keypress_left
551.333	0.333	action_rest
551.367	0.383	action_jump
551.367	0.4	keypress_jump
551.667	0.65	action_leftwalk
551.983	0.367	action_jump
551.983	0.417	keypress_jump
552.1	0.583	keypress_right
552.317	0.017	action_rightwalk
552.333	0.05	action_rest
552.383	0.733	action_rightwalk
552.733	0.367	action_jump
552.733	0.433	keypress_jump
552.833	0.417	keypress_left
553.117	0.733	action_leftwalk
553.45	0.167	keypress_left
553.833	0.183	keypress_right
553.85	0.017	action_rest
553.867	0.75	action_rightwalk
554.133	0.367	keypress_right
554.6	0.233	keypress_left
554.617	0.033	action_rest
554.65	0.483	action_leftwalk
555.117	0.417	keypress_right
555.133	0.017	action_rest
555.15	0.667	action_rightwalk
555.633	0.55	keypress_left
555.817	1.167	action_leftwalk
556.417	0.4	action_jump
556.417	0.333	keypress_jump
556.967	0.433	keypress_right
556.983	0.017	action_rest
557.0	0.533	action_rightwalk
557.533	0.75	keypress_left
557.533	1.15	action_leftwalk
557.583	0.667	keypress_jump
557.583	0.583	action_jump
558.4	0.15	keypress_left
558.667	0.15	keypress_right
558.683	0.05	action_rest
558.733	0.517	action_rightwalk
559.25	0.217	keypress_left
559.25	0.433	action_leftwalk
559.667	0.133	keypress_right
559.683	0.017	action_rest
559.7	0.617	action_rightwalk
560.317	0.683	action_leftwalk
560.317	0.267	keypress_left
560.983	0.883	keypress_right
561.0	0.017	action_rest
561.017	1.183	action_rightrun
561.017	0.95	keypress_runshoot
561.617	0.567	action_jump
561.617	0.35	keypress_jump
562.017	0.033	keypress_left
562.233	0.1	keypress_left
562.25	1.1	keypress_jump
562.25	1.133	action_jump
562.417	0.25	keypress_right
562.717	0.3	keypress_left
563.1	0.217	keypress_left
563.5	0.233	keypress_right
563.55	0.683	action_rightwalk
564.233	0.017	keypress_left
564.233	0.2	action_leftwalk
564.417	0.533	keypress_right
564.433	0.017	action_rest
564.45	4.533	action_rightwalk
564.633	0.867	action_jump
564.633	0.25	keypress_jump
565.15	0.117	keypress_left
565.45	0.717	keypress_right
565.717	0.167	keypress_jump
565.717	0.433	action_jump
566.333	0.167	keypress_down
566.583	0.55	keypress_right
566.733	0.2	keypress_jump
566.733	0.5	action_jump
567.433	0.233	keypress_down
567.75	0.367	keypress_right
567.8	0.167	keypress_jump
567.8	0.467	action_jump
568.367	0.217	keypress_down
568.667	0.15	keypress_right
568.933	0.983	keypress_right
568.983	0.267	action_rightrun
568.983	0.85	keypress_runshoot
569.25	0.567	keypress_jump
569.25	1.033	action_rightwalk
569.25	1.0	action_jump
570.033	0.25	keypress_left
570.283	0.1	action_rest
570.367	0.117	keypress_down
570.383	0.217	action_leftwalk
570.583	0.65	keypress_right
570.6	0.017	action_rest
570.617	0.667	keypress_runshoot
570.617	0.75	action_rightrun
571.483	0.3	keypress_right
571.517	0.033	action_rightwalk
571.55	1.117	keypress_runshoot
571.55	0.233	action_rightrun
571.95	0.483	keypress_right
571.95	0.65	action_rightrun
572.017	0.4	keypress_jump
572.017	0.567	action_jump
572.75	0.367	keypress_left
572.783	0.467	action_leftwalk
573.233	0.3	keypress_right
573.25	0.767	keypress_runshoot
573.25	0.017	action_rest
573.267	1.05	action_rightwalk
573.267	0.6	keypress_jump
573.267	1.033	action_jump
573.733	0.283	keypress_right
574.317	2.083	keypress_runshoot
574.317	0.033	action_rightrun
574.317	2.05	keypress_right
574.35	0.567	action_jump
574.35	0.317	keypress_jump
574.35	0.583	action_rightwalk
574.933	2.6	action_rightrun
575.233	0.85	action_jump
575.233	1.067	keypress_jump
577.733	5.4	action_rightwalk
581.433	0.133	keypress_jump
585.05	0.433	action_rest
585.467	1.15	keypress_right
585.483	0.017	action_rightwalk
585.5	0.417	keypress_runshoot
585.5	0.567	action_rightrun
586.1	0.033	action_rightwalk
586.133	0.483	action_rightrun
586.133	0.133	keypress_runshoot
586.4	0.167	keypress_runshoot
586.9	0.1	keypress_left
587.383	0.783	keypress_right
587.4	0.3	action_rightwalk
587.7	0.233	action_rightrun
587.7	0.5	keypress_runshoot
587.933	0.7	action_jump
587.933	0.283	keypress_jump
587.933	0.85	action_rightwalk
588.35	12.45	onscreen_enemy
588.533	0.133	keypress_right
588.767	0.233	keypress_left
588.783	0.167	action_rest
588.95	0.183	action_leftwalk
589.117	0.583	action_jump
589.117	0.733	keypress_right
589.117	0.617	keypress_jump
589.133	0.017	action_rightwalk
589.15	0.583	action_rest
589.733	1.05	action_rightwalk
589.867	0.883	action_jump
589.867	0.217	keypress_jump
590.1	0.35	keypress_left
590.75	0.15	keypress_left
590.783	0.017	action_rest
590.8	2.95	action_leftwalk
593.733	0.2	keypress_right
593.75	0.017	action_rest
593.767	1.183	action_rightwalk
594.117	0.617	keypress_right
594.167	0.6	keypress_jump
594.167	0.75	action_jump
594.833	0.25	keypress_left
594.95	0.133	action_rest
595.083	1.267	action_leftwalk
595.283	0.033	keypress_left
595.767	0.1	keypress_left
595.783	0.533	action_jump
595.783	0.267	keypress_jump
595.983	0.017	reward_coin
596.033	0.017	reward_coin
596.267	0.7	keypress_right
596.35	0.017	action_rest
596.367	2.333	action_rightwalk
596.75	0.75	action_jump
596.75	0.117	keypress_jump
597.167	0.117	keypress_left
597.417	0.017	keypress_right
597.65	0.467	keypress_right
597.767	0.367	keypress_jump
597.767	0.9	action_jump
598.267	0.1	keypress_left
598.55	0.333	keypress_left
598.7	0.1	action_rest
598.767	1.017	keypress_jump
598.8	0.5	action_leftwalk
599.183	0.583	keypress_right
599.3	0.017	action_rightwalk
599.317	0.717	action_rest
600.017	0.233	keypress_right
600.033	0.767	action_rightwalk
600.15	0.017	reward_coin
600.2	0.6	action_jump
600.2	0.1	keypress_jump
600.483	0.1	keypress_left
600.633	0.017	reward_coin
600.683	0.017	reward_coin
